http://antimatter15.com/wp/2015/04/blog-reboot/, https://antimatter15.com/2015/04/blog-reboot/
http://antimatter15.com/wp/2014/05/perceptual-color-distance-and-rgb-and-l-a-b/, https://antimatter15.com/2014/05/perceptual-color-distance-and-rgb-and-l-a-b/
http://antimatter15.com/wp/2014/04/project-naptha/, https://antimatter15.com/2014/04/project-naptha/
http://antimatter15.com/wp/2014/03/unwarranted-speculation-on-oculus-vr/, https://antimatter15.com/2014/03/unwarranted-speculation-on-oculus-vr/
http://antimatter15.com/wp/2014/02/february-progress-report/, https://antimatter15.com/2014/02/february-progress-report/
http://antimatter15.com/wp/2014/01/heapqueue-js/, https://antimatter15.com/2014/01/heapqueue-js/
http://antimatter15.com/wp/2013/12/ocrad-js-pure-javascript-ocr-via-emscripten/, https://antimatter15.com/2013/12/ocrad-js-pure-javascript-ocr-via-emscripten/
http://antimatter15.com/wp/2013/11/november-progress-report/, https://antimatter15.com/2013/11/november-progress-report/
http://antimatter15.com/wp/2013/10/october-progress-update/, https://antimatter15.com/2013/10/october-progress-update/
http://antimatter15.com/wp/2013/09/muting-a-casio-w-201-watch/, https://antimatter15.com/2013/09/muting-a-casio-w-201-watch/
http://antimatter15.com/wp/2013/09/x-no-wiretap/, https://antimatter15.com/2013/09/x-no-wiretap/
http://antimatter15.com/wp/2013/08/august-progress-report/, https://antimatter15.com/2013/08/august-progress-report/
http://antimatter15.com/wp/2013/07/adaptive-passphrase-length/, https://antimatter15.com/2013/07/adaptive-passphrase-length/
http://antimatter15.com/wp/2013/06/array-addition-and-other-fun-javascript-hacks/, https://antimatter15.com/2013/06/array-addition-and-other-fun-javascript-hacks/
http://antimatter15.com/wp/2013/05/automatically-scanning-on-lid-close-with-arduino/, https://antimatter15.com/2013/05/automatically-scanning-on-lid-close-with-arduino/
http://antimatter15.com/wp/2013/04/recoloring-planck-data/, https://antimatter15.com/2013/04/recoloring-planck-data/
http://antimatter15.com/wp/2013/03/hqx-js-pixel-art-scaling-in-the-browser/, https://antimatter15.com/2013/03/hqx-js-pixel-art-scaling-in-the-browser/
http://antimatter15.com/wp/2013/02/swipe-gesture-2/, https://antimatter15.com/2013/02/swipe-gesture-2/
http://antimatter15.com/wp/2013/01/mit/, https://antimatter15.com/2013/01/mit/
http://antimatter15.com/wp/2012/12/facebook-chat-bot-turing-completeness/, https://antimatter15.com/2012/12/facebook-chat-bot-turing-completeness/
http://antimatter15.com/wp/2012/11/a-new-approach-to-video-lectures/, https://antimatter15.com/2012/11/a-new-approach-to-video-lectures/
http://antimatter15.com/wp/2012/10/introduction-to-the-pedant/, https://antimatter15.com/2012/10/introduction-to-the-pedant/
http://antimatter15.com/wp/2012/09/new-host-bitcable/, https://antimatter15.com/2012/09/new-host-bitcable/
http://antimatter15.com/wp/2012/08/whammy-a-real-time-javascript-webm-encoder/, https://antimatter15.com/2012/08/whammy-a-real-time-javascript-webm-encoder/
http://antimatter15.com/wp/2012/08/upcoming-changes/, https://antimatter15.com/2012/08/upcoming-changes/
http://antimatter15.com/wp/2012/08/meta-analytics/, https://antimatter15.com/2012/08/meta-analytics/
http://antimatter15.com/wp/2012/08/swipe-gesture-2-development/, https://antimatter15.com/2012/08/swipe-gesture-2-development/
http://antimatter15.com/wp/2012/08/raspberry-pi/, https://antimatter15.com/2012/08/raspberry-pi/
http://antimatter15.com/wp/2012/08/etch-a-sketch-on-a-trackpad/, https://antimatter15.com/2012/08/etch-a-sketch-on-a-trackpad/
http://antimatter15.com/wp/2012/08/determining-if-a-mousewheel-event-results-in-scroll/, https://antimatter15.com/2012/08/determining-if-a-mousewheel-event-results-in-scroll/
http://antimatter15.com/wp/2012/08/swipe-gesture-for-chrome/, https://antimatter15.com/2012/08/swipe-gesture-for-chrome/
http://antimatter15.com/wp/2012/08/distributed-pi-revisited/, https://antimatter15.com/2012/08/distributed-pi-revisited/
http://antimatter15.com/wp/2012/07/cloudfall-a-text-editor/, https://antimatter15.com/2012/07/cloudfall-a-text-editor/
http://antimatter15.com/wp/2012/06/pinball/, https://antimatter15.com/2012/06/pinball/
http://antimatter15.com/wp/2012/05/visualizing-facebook-activity/, https://antimatter15.com/2012/05/visualizing-facebook-activity/
http://antimatter15.com/wp/2012/04/chrome-multitask-mode-for-real-with-multi-pointer-xorg/, https://antimatter15.com/2012/04/chrome-multitask-mode-for-real-with-multi-pointer-xorg/
http://antimatter15.com/wp/2012/03/musicalpha-v2-0/, https://antimatter15.com/2012/03/musicalpha-v2-0/
http://antimatter15.com/wp/2012/02/liveswifers-org-forum-mirror/, https://antimatter15.com/2012/02/liveswifers-org-forum-mirror/
http://antimatter15.com/wp/2012/01/this-site-is-going-down-tomorrow-in-protest-of-sopa-pipa/, https://antimatter15.com/2012/01/this-site-is-going-down-tomorrow-in-protest-of-sopa-pipa/
http://antimatter15.com/wp/2012/01/google-circles-was-launched-on-tau-day/, https://antimatter15.com/2012/01/google-circles-was-launched-on-tau-day/
http://antimatter15.com/wp/2011/12/updated-ajax-animator/, https://antimatter15.com/2011/12/updated-ajax-animator/
http://antimatter15.com/wp/2011/12/offline-wiki-redux/, https://antimatter15.com/2011/12/offline-wiki-redux/
http://antimatter15.com/wp/2011/11/pepper-spray-cop/, https://antimatter15.com/2011/11/pepper-spray-cop/
http://antimatter15.com/wp/2011/10/surplus-4/, https://antimatter15.com/2011/10/surplus-4/
http://antimatter15.com/wp/2011/09/schedule-compare/, https://antimatter15.com/2011/09/schedule-compare/
http://antimatter15.com/wp/2011/08/surplus/, https://antimatter15.com/2011/08/surplus/
http://antimatter15.com/wp/2011/08/generating-the-ios-5-linen-texture-with-canvas/, https://antimatter15.com/2011/08/generating-the-ios-5-linen-texture-with-canvas/
http://antimatter15.com/wp/2011/07/google-profile-suspended/, https://antimatter15.com/2011/07/google-profile-suspended/
http://antimatter15.com/wp/2011/07/inception/, https://antimatter15.com/2011/07/inception/
http://antimatter15.com/wp/2011/06/samsung-series-5-chromebook/, https://antimatter15.com/2011/06/samsung-series-5-chromebook/
http://antimatter15.com/wp/2011/06/why-the-chrome-web-store-is-bad-for-the-web/, https://antimatter15.com/2011/06/why-the-chrome-web-store-is-bad-for-the-web/
http://antimatter15.com/wp/2011/05/chrome-os-the-delusion-of-native-and-perfection/, https://antimatter15.com/2011/05/chrome-os-the-delusion-of-native-and-perfection/
http://antimatter15.com/wp/2011/05/musicalpha-upload-to-google-music-beta-from-linux-and-chrome-os/, https://antimatter15.com/2011/05/musicalpha-upload-to-google-music-beta-from-linux-and-chrome-os/
http://antimatter15.com/wp/2011/05/uploading-to-google-music-beta-from-linux/, https://antimatter15.com/2011/05/uploading-to-google-music-beta-from-linux/
http://antimatter15.com/wp/2011/05/cloud-save-1-3/, https://antimatter15.com/2011/05/cloud-save-1-3/
http://antimatter15.com/wp/2011/04/google-drive-cloud-save/, https://antimatter15.com/2011/04/google-drive-cloud-save/
http://antimatter15.com/wp/2011/04/offline-wiki-chrome-webstore-app/, https://antimatter15.com/2011/04/offline-wiki-chrome-webstore-app/
http://antimatter15.com/wp/2011/03/mp3-player/, https://antimatter15.com/2011/03/mp3-player/
http://antimatter15.com/wp/2011/03/cloud-save/, https://antimatter15.com/2011/03/cloud-save/
http://antimatter15.com/wp/2011/02/google-won-t-kill-chrome-url-bar/, https://antimatter15.com/2011/02/google-won-t-kill-chrome-url-bar/
http://antimatter15.com/wp/2011/02/html5-offline-wikipedia-reader-and-help-me-win-a-cr-48/, https://antimatter15.com/2011/02/html5-offline-wikipedia-reader-and-help-me-win-a-cr-48/
http://antimatter15.com/wp/2011/01/the-ambiguity-of-open-and-vp8-vs-h-264/, https://antimatter15.com/2011/01/the-ambiguity-of-open-and-vp8-vs-h-264/
http://antimatter15.com/wp/2010/12/drag2up-2-0-drag-and-drop-uploading-for-all-sites/, https://antimatter15.com/2010/12/drag2up-2-0-drag-and-drop-uploading-for-all-sites/
http://antimatter15.com/wp/2010/12/ajax-animator-on-chrome-web-store/, https://antimatter15.com/2010/12/ajax-animator-on-chrome-web-store/
http://antimatter15.com/wp/2010/11/digital-sculpting-with-three-js/, https://antimatter15.com/2010/11/digital-sculpting-with-three-js/
http://antimatter15.com/wp/2010/11/insanely-simple-anti-phishing-system/, https://antimatter15.com/2010/11/insanely-simple-anti-phishing-system/
http://antimatter15.com/wp/2010/11/simple-anti-phishing-mechanism/, https://antimatter15.com/2010/11/simple-anti-phishing-mechanism/
http://antimatter15.com/wp/2010/10/getting-webgl-opengl-2-to-work-on-a-ati-1950x/, https://antimatter15.com/2010/10/getting-webgl-opengl-2-to-work-on-a-ati-1950x/
http://antimatter15.com/wp/2010/10/google-suggest-venn-diagrams/, https://antimatter15.com/2010/10/google-suggest-venn-diagrams/
http://antimatter15.com/wp/2010/10/weppy-updates-opera-chrome-and-firefox-support-and-simpler-usage/, https://antimatter15.com/2010/10/weppy-updates-opera-chrome-and-firefox-support-and-simpler-usage/
http://antimatter15.com/wp/2010/10/weppy-javascript-shim-for-webp-on-chrome-6-and-firefox-4-0/, https://antimatter15.com/2010/10/weppy-javascript-shim-for-webp-on-chrome-6-and-firefox-4-0/
http://antimatter15.com/wp/2010/10/drag2up-drag-files-onto-any-site/, https://antimatter15.com/2010/10/drag2up-drag-files-onto-any-site/
http://antimatter15.com/wp/2010/10/gmail-style-html5-drag-drop/, https://antimatter15.com/2010/10/gmail-style-html5-drag-drop/
http://antimatter15.com/wp/2010/09/readability-iframe-extension/, https://antimatter15.com/2010/09/readability-iframe-extension/
http://antimatter15.com/wp/2010/09/3d-sculpting-tool/, https://antimatter15.com/2010/09/3d-sculpting-tool/
http://antimatter15.com/wp/2010/09/why-my-streamie-fork-is-better-than-everyone-else-s/, https://antimatter15.com/2010/09/why-my-streamie-fork-is-better-than-everyone-else-s/
http://antimatter15.com/wp/2010/08/sort-of-working-linux-friendly-apple-event-playlist/, https://antimatter15.com/2010/08/sort-of-working-linux-friendly-apple-event-playlist/
http://antimatter15.com/wp/2010/08/http-based-federated-protocol-for-real-time-hierarchical-message-manipulation/, https://antimatter15.com/2010/08/http-based-federated-protocol-for-real-time-hierarchical-message-manipulation/
http://antimatter15.com/wp/2010/08/html5-css3-zooming-user-interface/, https://antimatter15.com/2010/08/html5-css3-zooming-user-interface/
http://antimatter15.com/wp/2010/08/bittorrent-in-javascript-with-node/, https://antimatter15.com/2010/08/bittorrent-in-javascript-with-node/
http://antimatter15.com/wp/2010/08/chrome-extension-desktop-search/, https://antimatter15.com/2010/08/chrome-extension-desktop-search/
http://antimatter15.com/wp/2010/08/chrome-extension-hide-element/, https://antimatter15.com/2010/08/chrome-extension-hide-element/
http://antimatter15.com/wp/2010/08/microwave-on-app-store/, https://antimatter15.com/2010/08/microwave-on-app-store/
http://antimatter15.com/wp/2010/08/deep-integration-wave-api-sample-blogger/, https://antimatter15.com/2010/08/deep-integration-wave-api-sample-blogger/
http://antimatter15.com/wp/2010/08/1k-js-3d-function-plotter/, https://antimatter15.com/2010/08/1k-js-3d-function-plotter/
http://antimatter15.com/wp/2010/08/dom-indexer-js-compression/, https://antimatter15.com/2010/08/dom-indexer-js-compression/
http://antimatter15.com/wp/2010/08/jailbreakme-com/, https://antimatter15.com/2010/08/jailbreakme-com/
http://antimatter15.com/wp/2010/07/javascript-canvas-to-animated-gif/, https://antimatter15.com/2010/07/javascript-canvas-to-animated-gif/
http://antimatter15.com/wp/2010/07/experiment-ruby-style-function-auto-calling-in-javascript/, https://antimatter15.com/2010/07/experiment-ruby-style-function-auto-calling-in-javascript/
http://antimatter15.com/wp/2010/07/shinytouch-opencv/, https://antimatter15.com/2010/07/shinytouch-opencv/
http://antimatter15.com/wp/2010/07/fluidizer-fixed-width-fluid-width-bookmarklet/, https://antimatter15.com/2010/07/fluidizer-fixed-width-fluid-width-bookmarklet/
http://antimatter15.com/wp/2010/07/multicore-javascript-pi-computing-with-webworkers/, https://antimatter15.com/2010/07/multicore-javascript-pi-computing-with-webworkers/
http://antimatter15.com/wp/2010/07/a-bright-coloured-fish-parsing-id3v2-tags-in-javascript-and-extensionfm/, https://antimatter15.com/2010/07/a-bright-coloured-fish-parsing-id3v2-tags-in-javascript-and-extensionfm/
http://antimatter15.com/wp/2010/06/anony-bot/, https://antimatter15.com/2010/06/anony-bot/
http://antimatter15.com/wp/2010/06/mwave/, https://antimatter15.com/2010/06/mwave/
http://antimatter15.com/wp/2010/06/wave-reader/, https://antimatter15.com/2010/06/wave-reader/
http://antimatter15.com/wp/2010/06/mwave-updates-again/, https://antimatter15.com/2010/06/mwave-updates-again/
http://antimatter15.com/wp/2010/06/done-switching-webhosts/, https://antimatter15.com/2010/06/done-switching-webhosts/
http://antimatter15.com/wp/2010/06/deep-integration-wave-embed-api/, https://antimatter15.com/2010/06/deep-integration-wave-embed-api/
http://antimatter15.com/wp/2010/06/it-s-host-switching-time/, https://antimatter15.com/2010/06/it-s-host-switching-time/
http://antimatter15.com/wp/2010/06/ajax-animator-on-chrome-web-store-well-when-it-s-released/, https://antimatter15.com/2010/06/ajax-animator-on-chrome-web-store-well-when-it-s-released/
http://antimatter15.com/wp/2010/06/the-forward-button/, https://antimatter15.com/2010/06/the-forward-button/
http://antimatter15.com/wp/2010/06/stick-figure-animator/, https://antimatter15.com/2010/06/stick-figure-animator/
http://antimatter15.com/wp/2010/06/ajax-animator-for-ipad-updates/, https://antimatter15.com/2010/06/ajax-animator-for-ipad-updates/
http://antimatter15.com/wp/2010/06/gravity/, https://antimatter15.com/2010/06/gravity/
http://antimatter15.com/wp/2010/06/mwave-updates/, https://antimatter15.com/2010/06/mwave-updates/
http://antimatter15.com/wp/2010/06/steganography-in-javascript/, https://antimatter15.com/2010/06/steganography-in-javascript/
http://antimatter15.com/wp/2010/05/mwave-lightweight-mobile-wave-client/, https://antimatter15.com/2010/05/mwave-lightweight-mobile-wave-client/
http://antimatter15.com/wp/2010/05/simple-javascript-3d-function-plotter/, https://antimatter15.com/2010/05/simple-javascript-3d-function-plotter/
http://antimatter15.com/wp/2010/04/ajax-animator-ipad-support/, https://antimatter15.com/2010/04/ajax-animator-ipad-support/
http://antimatter15.com/wp/2010/04/idea-lego-mindstorms-ide-for-ipad/, https://antimatter15.com/2010/04/idea-lego-mindstorms-ide-for-ipad/
http://antimatter15.com/wp/2010/03/2-3kb-js-library-with-ajax-animation-dom-manipulation-json-encoding/, https://antimatter15.com/2010/03/2-3kb-js-library-with-ajax-animation-dom-manipulation-json-encoding/
http://antimatter15.com/wp/2010/03/onion-skinning-in-ajax-animator/, https://antimatter15.com/2010/03/onion-skinning-in-ajax-animator/
http://antimatter15.com/wp/2010/02/stick-figures/, https://antimatter15.com/2010/02/stick-figures/
http://antimatter15.com/wp/2010/02/moving-an-element-to-a-new-window/, https://antimatter15.com/2010/02/moving-an-element-to-a-new-window/
http://antimatter15.com/wp/2010/02/wave-reader-5-7/, https://antimatter15.com/2010/02/wave-reader-5-7/
http://antimatter15.com/wp/2010/01/wave-reader-4-6-insanely-fast-edition/, https://antimatter15.com/2010/01/wave-reader-4-6-insanely-fast-edition/
http://antimatter15.com/wp/2010/01/led-inverse-shutter-glasses/, https://antimatter15.com/2010/01/led-inverse-shutter-glasses/
http://antimatter15.com/wp/2010/01/javascript-sha1-and-sha256-in/, https://antimatter15.com/2010/01/javascript-sha1-and-sha256-in/
http://antimatter15.com/wp/2009/12/project-wikify-updated/, https://antimatter15.com/2009/12/project-wikify-updated/
http://antimatter15.com/wp/2009/12/wave-unread-navigator/, https://antimatter15.com/2009/12/wave-unread-navigator/
http://antimatter15.com/wp/2009/12/the-future-of-the-ajax-animator/, https://antimatter15.com/2009/12/the-future-of-the-ajax-animator/
http://antimatter15.com/wp/2009/12/css3-sideways-google/, https://antimatter15.com/2009/12/css3-sideways-google/
http://antimatter15.com/wp/2009/11/wave-uses-closure/, https://antimatter15.com/2009/11/wave-uses-closure/
http://antimatter15.com/wp/2009/11/wave-search-pause-button/, https://antimatter15.com/2009/11/wave-search-pause-button/
http://antimatter15.com/wp/2009/11/xpath-bookmark-bookmarklet/, https://antimatter15.com/2009/11/xpath-bookmark-bookmarklet/
http://antimatter15.com/wp/2009/10/real-wave-desktop-reader/, https://antimatter15.com/2009/10/real-wave-desktop-reader/
http://antimatter15.com/wp/2009/10/withpublic-not-working/, https://antimatter15.com/2009/10/withpublic-not-working/
http://antimatter15.com/wp/2009/10/my-ideas-for-a-browser-os-are-coming-true/, https://antimatter15.com/2009/10/my-ideas-for-a-browser-os-are-coming-true/
http://antimatter15.com/wp/2009/09/new-default-colors/, https://antimatter15.com/2009/09/new-default-colors/
http://antimatter15.com/wp/2009/09/ajax-animator-video-demo/, https://antimatter15.com/2009/09/ajax-animator-video-demo/
http://antimatter15.com/wp/2009/09/scroll-bar-improvements/, https://antimatter15.com/2009/09/scroll-bar-improvements/
http://antimatter15.com/wp/2009/09/ajax-animator-wave-gadget/, https://antimatter15.com/2009/09/ajax-animator-wave-gadget/
http://antimatter15.com/wp/2009/09/massive-file-sharing-networks/, https://antimatter15.com/2009/09/massive-file-sharing-networks/
http://antimatter15.com/wp/2009/09/wave-syncing-echo/, https://antimatter15.com/2009/09/wave-syncing-echo/
http://antimatter15.com/wp/2009/09/basic-shape-resizing-in-vectoreditor/, https://antimatter15.com/2009/09/basic-shape-resizing-in-vectoreditor/
http://antimatter15.com/wp/2009/09/ajax-animator-storage/, https://antimatter15.com/2009/09/ajax-animator-storage/
http://antimatter15.com/wp/2009/09/ajax-animator-wave/, https://antimatter15.com/2009/09/ajax-animator-wave/
http://antimatter15.com/wp/2009/09/wave-gadget-api-issues-again/, https://antimatter15.com/2009/09/wave-gadget-api-issues-again/
http://antimatter15.com/wp/2009/09/easy-clickjacking-bookmarklet/, https://antimatter15.com/2009/09/easy-clickjacking-bookmarklet/
http://antimatter15.com/wp/2009/09/rsvgshim-a-new-svg-shim-that-renders-to-svg-and-vml-using-raphael/, https://antimatter15.com/2009/09/rsvgshim-a-new-svg-shim-that-renders-to-svg-and-vml-using-raphael/
http://antimatter15.com/wp/2009/09/migrating-small-stuff-to-github/, https://antimatter15.com/2009/09/migrating-small-stuff-to-github/
http://antimatter15.com/wp/2009/08/shinytouch-js/, https://antimatter15.com/2009/08/shinytouch-js/
http://antimatter15.com/wp/2009/08/js-vs-python/, https://antimatter15.com/2009/08/js-vs-python/
http://antimatter15.com/wp/2009/08/shinytouch-videos/, https://antimatter15.com/2009/08/shinytouch-videos/
http://antimatter15.com/wp/2009/08/totally-failed-mini-project-svg-edit-svgweb/, https://antimatter15.com/2009/08/totally-failed-mini-project-svg-edit-svgweb/
http://antimatter15.com/wp/2009/08/future-plans-on-vectoreditor/, https://antimatter15.com/2009/08/future-plans-on-vectoreditor/
http://antimatter15.com/wp/2009/08/shinytouch-perspective-transform/, https://antimatter15.com/2009/08/shinytouch-perspective-transform/
http://antimatter15.com/wp/2009/08/how-i-would-design-the-browser-2-addons/, https://antimatter15.com/2009/08/how-i-would-design-the-browser-2-addons/
http://antimatter15.com/wp/2009/08/webworkers-canvas-glif-gifencoder-client-side-animated-gif-generation/, https://antimatter15.com/2009/08/webworkers-canvas-glif-gifencoder-client-side-animated-gif-generation/
http://antimatter15.com/wp/2009/08/freemovie-js-pure-javascript-swf-generator/, https://antimatter15.com/2009/08/freemovie-js-pure-javascript-swf-generator/
http://antimatter15.com/wp/2009/08/wave2-a-higher-level-wave-gadget-state-api/, https://antimatter15.com/2009/08/wave2-a-higher-level-wave-gadget-state-api/
http://antimatter15.com/wp/2009/08/ajax-animator-status/, https://antimatter15.com/2009/08/ajax-animator-status/
http://antimatter15.com/wp/2009/08/visible-invisible-frames/, https://antimatter15.com/2009/08/visible-invisible-frames/
http://antimatter15.com/wp/2009/08/working-on-interface-for-animator-wave/, https://antimatter15.com/2009/08/working-on-interface-for-animator-wave/
http://antimatter15.com/wp/2009/08/ajax-animator-updates/, https://antimatter15.com/2009/08/ajax-animator-updates/
http://antimatter15.com/wp/2009/08/i-got-a-google-wave-invite/, https://antimatter15.com/2009/08/i-got-a-google-wave-invite/
http://antimatter15.com/wp/2009/08/vectoreditor-on-wave/, https://antimatter15.com/2009/08/vectoreditor-on-wave/
http://antimatter15.com/wp/2009/08/google-wave-gadget-api-flaws/, https://antimatter15.com/2009/08/google-wave-gadget-api-flaws/
http://antimatter15.com/wp/2009/08/vectoreditor-updates-lines-rotation-more/, https://antimatter15.com/2009/08/vectoreditor-updates-lines-rotation-more/
http://antimatter15.com/wp/2009/08/google-chrome-os/, https://antimatter15.com/2009/08/google-chrome-os/
http://antimatter15.com/wp/2009/08/tuio-support/, https://antimatter15.com/2009/08/tuio-support/
http://antimatter15.com/wp/2009/08/shinytouch-images/, https://antimatter15.com/2009/08/shinytouch-images/
http://antimatter15.com/wp/2009/07/private-tracker-registration-checker-in-python/, https://antimatter15.com/2009/07/private-tracker-registration-checker-in-python/
http://antimatter15.com/wp/2009/07/shinytouch-is-1-month-old/, https://antimatter15.com/2009/07/shinytouch-is-1-month-old/
http://antimatter15.com/wp/2009/07/shinytouch-auto-calibration/, https://antimatter15.com/2009/07/shinytouch-auto-calibration/
http://antimatter15.com/wp/2009/07/ajax-animator-vector-editor/, https://antimatter15.com/2009/07/ajax-animator-vector-editor/
http://antimatter15.com/wp/2009/07/how-i-would-design-a-touchscreen-browser/, https://antimatter15.com/2009/07/how-i-would-design-a-touchscreen-browser/
http://antimatter15.com/wp/2009/07/vector-editor-google-code-project-page/, https://antimatter15.com/2009/07/vector-editor-google-code-project-page/
http://antimatter15.com/wp/2009/07/new-shinytouch-algorithms/, https://antimatter15.com/2009/07/new-shinytouch-algorithms/
http://antimatter15.com/wp/2009/07/the-interesting-order-of-digital-communication-paradigms/, https://antimatter15.com/2009/07/the-interesting-order-of-digital-communication-paradigms/
http://antimatter15.com/wp/2009/07/twitmon-twitter-trending-topics-notifier-in-jetpack/, https://antimatter15.com/2009/07/twitmon-twitter-trending-topics-notifier-in-jetpack/
http://antimatter15.com/wp/2009/07/new-site/, https://antimatter15.com/2009/07/new-site/
http://antimatter15.com/wp/2009/07/redirect-referred-users-to-new-site-s-respective-page/, https://antimatter15.com/2009/07/redirect-referred-users-to-new-site-s-respective-page/
http://antimatter15.com/wp/2009/07/shinytouch-ideas/, https://antimatter15.com/2009/07/shinytouch-ideas/
http://antimatter15.com/wp/2009/07/dreamhost/, https://antimatter15.com/2009/07/dreamhost/
http://antimatter15.com/wp/2009/07/google-and-microsoft/, https://antimatter15.com/2009/07/google-and-microsoft/
http://antimatter15.com/wp/2009/07/vx-js-library/, https://antimatter15.com/2009/07/vx-js-library/
http://antimatter15.com/wp/2009/07/shinytouch-progress-update-fresnel-s-equations/, https://antimatter15.com/2009/07/shinytouch-progress-update-fresnel-s-equations/
http://antimatter15.com/wp/2009/07/shinytouch-zero-setup-single-touch-surface-retrofitting-technology/, https://antimatter15.com/2009/07/shinytouch-zero-setup-single-touch-surface-retrofitting-technology/
http://antimatter15.com/wp/2009/06/new-mirrortouch-algorithm/, https://antimatter15.com/2009/06/new-mirrortouch-algorithm/
http://antimatter15.com/wp/2009/06/ajax-ranking-in-rash-qms/, https://antimatter15.com/2009/06/ajax-ranking-in-rash-qms/
http://antimatter15.com/wp/2009/06/touch-input-device/, https://antimatter15.com/2009/06/touch-input-device/
http://antimatter15.com/wp/2009/05/somewhat-better-distributed-pi-calculator/, https://antimatter15.com/2009/05/somewhat-better-distributed-pi-calculator/
http://antimatter15.com/wp/2009/05/good-web-host/, https://antimatter15.com/2009/05/good-web-host/
http://antimatter15.com/wp/2009/04/run-brainf-ck-on-your-brain/, https://antimatter15.com/2009/04/run-brainf-ck-on-your-brain/
http://antimatter15.com/wp/2009/04/python-ports/, https://antimatter15.com/2009/04/python-ports/
http://antimatter15.com/wp/2009/04/future-updates-to-the-ajax-animator/, https://antimatter15.com/2009/04/future-updates-to-the-ajax-animator/
http://antimatter15.com/wp/2009/03/experimental-ambient-light-parallel-reflection-optical-multitouch-overlay-proof-of-concept-implementation-version-2/, https://antimatter15.com/2009/03/experimental-ambient-light-parallel-reflection-optical-multitouch-overlay-proof-of-concept-implementation-version-2/
http://antimatter15.com/wp/2009/03/idea-for-mirror-based-multitouch-system/, https://antimatter15.com/2009/03/idea-for-mirror-based-multitouch-system/
http://antimatter15.com/wp/2009/03/subleq-vm-memory-visualizer/, https://antimatter15.com/2009/03/subleq-vm-memory-visualizer/
http://antimatter15.com/wp/2009/03/new-idea-insanely-cheap-multitouch/, https://antimatter15.com/2009/03/new-idea-insanely-cheap-multitouch/
http://antimatter15.com/wp/2009/03/wiki/, https://antimatter15.com/2009/03/wiki/
http://antimatter15.com/wp/2009/03/setting-up-a-wiki/, https://antimatter15.com/2009/03/setting-up-a-wiki/
http://antimatter15.com/wp/2009/03/age/, https://antimatter15.com/2009/03/age/
http://antimatter15.com/wp/2009/03/safari-4-beta/, https://antimatter15.com/2009/03/safari-4-beta/
http://antimatter15.com/wp/2009/01/i-fail/, https://antimatter15.com/2009/01/i-fail/
http://antimatter15.com/wp/2009/01/flexible-plugin-system/, https://antimatter15.com/2009/01/flexible-plugin-system/
http://antimatter15.com/wp/2009/01/i-m-a-wordpress-idiot/, https://antimatter15.com/2009/01/i-m-a-wordpress-idiot/
http://antimatter15.com/wp/2009/01/i-m-a-linux-idiot/, https://antimatter15.com/2009/01/i-m-a-linux-idiot/
http://antimatter15.com/wp/2009/01/feynman-point/, https://antimatter15.com/2009/01/feynman-point/
http://antimatter15.com/wp/2008/12/calculate-pi/, https://antimatter15.com/2008/12/calculate-pi/
http://antimatter15.com/wp/2008/12/distributed-computing-take-iii/, https://antimatter15.com/2008/12/distributed-computing-take-iii/
http://antimatter15.com/wp/2008/12/action-limit-exceeded/, https://antimatter15.com/2008/12/action-limit-exceeded/
http://antimatter15.com/wp/2008/12/3999-spam/, https://antimatter15.com/2008/12/3999-spam/
http://antimatter15.com/wp/2008/12/wikify-format-2-0/, https://antimatter15.com/2008/12/wikify-format-2-0/
http://antimatter15.com/wp/2008/12/crashing-ie/, https://antimatter15.com/2008/12/crashing-ie/
http://antimatter15.com/wp/2008/12/wikify-diff-engine/, https://antimatter15.com/2008/12/wikify-diff-engine/
http://antimatter15.com/wp/2008/12/etherpad/, https://antimatter15.com/2008/12/etherpad/
http://antimatter15.com/wp/2008/12/porting-ajax-animator-to-titanium/, https://antimatter15.com/2008/12/porting-ajax-animator-to-titanium/
http://antimatter15.com/wp/2008/12/wordpress-2-7/, https://antimatter15.com/2008/12/wordpress-2-7/
http://antimatter15.com/wp/2008/12/posting-from-wp-2-7/, https://antimatter15.com/2008/12/posting-from-wp-2-7/
http://antimatter15.com/wp/2008/12/vx-ajax-is-almost-10-bytes-smaller/, https://antimatter15.com/2008/12/vx-ajax-is-almost-10-bytes-smaller/
http://antimatter15.com/wp/2008/12/wikify-update/, https://antimatter15.com/2008/12/wikify-update/
http://antimatter15.com/wp/2008/11/3000th-spam/, https://antimatter15.com/2008/11/3000th-spam/
http://antimatter15.com/wp/2008/10/dojo/, https://antimatter15.com/2008/10/dojo/
http://antimatter15.com/wp/2008/10/ajax-animator-thoughts/, https://antimatter15.com/2008/10/ajax-animator-thoughts/
http://antimatter15.com/wp/2008/10/deja-vu/, https://antimatter15.com/2008/10/deja-vu/
http://antimatter15.com/wp/2008/10/can-anyone-beat-this/, https://antimatter15.com/2008/10/can-anyone-beat-this/
http://antimatter15.com/wp/2008/10/vx-js-library/, https://antimatter15.com/2008/10/vx-js-library/
http://antimatter15.com/wp/2008/10/vx-ajax-function/, https://antimatter15.com/2008/10/vx-ajax-function/
http://antimatter15.com/wp/2008/09/project-wikify-prototype-5-released/, https://antimatter15.com/2008/09/project-wikify-prototype-5-released/
http://antimatter15.com/wp/2008/09/project-wikify-success/, https://antimatter15.com/2008/09/project-wikify-success/
http://antimatter15.com/wp/2008/09/project-wikify-prototype-4-revision-3/, https://antimatter15.com/2008/09/project-wikify-prototype-4-revision-3/
http://antimatter15.com/wp/2008/09/spam/, https://antimatter15.com/2008/09/spam/
http://antimatter15.com/wp/2008/09/google-chrome/, https://antimatter15.com/2008/09/google-chrome/
http://antimatter15.com/wp/2008/09/project-wikify/, https://antimatter15.com/2008/09/project-wikify/
http://antimatter15.com/wp/2008/08/wikifying-the-internet/, https://antimatter15.com/2008/08/wikifying-the-internet/
http://antimatter15.com/wp/2008/08/controlling-a-native-app-from-a-javascript-desktop/, https://antimatter15.com/2008/08/controlling-a-native-app-from-a-javascript-desktop/
http://antimatter15.com/wp/2008/08/note-to-self/, https://antimatter15.com/2008/08/note-to-self/
http://antimatter15.com/wp/2008/08/login-system/, https://antimatter15.com/2008/08/login-system/
http://antimatter15.com/wp/2008/08/ajax-animator-0-20-2-released/, https://antimatter15.com/2008/08/ajax-animator-0-20-2-released/
http://antimatter15.com/wp/2008/08/ajax-animator-manual/, https://antimatter15.com/2008/08/ajax-animator-manual/
http://antimatter15.com/wp/2008/08/vectoreditor/, https://antimatter15.com/2008/08/vectoreditor/
http://antimatter15.com/wp/2008/08/refresh-your-cache/, https://antimatter15.com/2008/08/refresh-your-cache/
http://antimatter15.com/wp/2008/08/ext-2-2/, https://antimatter15.com/2008/08/ext-2-2/
http://antimatter15.com/wp/2008/08/ie-works-in-development-version/, https://antimatter15.com/2008/08/ie-works-in-development-version/
http://antimatter15.com/wp/2008/08/why-no-demos/, https://antimatter15.com/2008/08/why-no-demos/
http://antimatter15.com/wp/2008/08/preparing-ajax-animator-0-20-01-beta-rc2-stable-release/, https://antimatter15.com/2008/08/preparing-ajax-animator-0-20-01-beta-rc2-stable-release/
http://antimatter15.com/wp/2008/08/ajax-animator-0-20-01-beta-rc2-stable-released/, https://antimatter15.com/2008/08/ajax-animator-0-20-01-beta-rc2-stable-released/
http://antimatter15.com/wp/2008/08/ajax-animator-0-20-01-soon/, https://antimatter15.com/2008/08/ajax-animator-0-20-01-soon/
http://antimatter15.com/wp/2008/08/ajax-animator-0-20-browser-support/, https://antimatter15.com/2008/08/ajax-animator-0-20-browser-support/
http://antimatter15.com/wp/2008/08/ajax-animator-0-21-early-fork/, https://antimatter15.com/2008/08/ajax-animator-0-21-early-fork/
http://antimatter15.com/wp/2008/08/javafx-ajax/, https://antimatter15.com/2008/08/javafx-ajax/
http://antimatter15.com/wp/2008/08/0-21-bugfixes/, https://antimatter15.com/2008/08/0-21-bugfixes/
http://antimatter15.com/wp/2008/08/new-features/, https://antimatter15.com/2008/08/new-features/
http://antimatter15.com/wp/2008/08/ajax-animator-0-20-beta-rc1-released/, https://antimatter15.com/2008/08/ajax-animator-0-20-beta-rc1-released/
http://antimatter15.com/wp/2008/08/do-not-go-to-testing-site/, https://antimatter15.com/2008/08/do-not-go-to-testing-site/
http://antimatter15.com/wp/2008/08/ajax-animator-0-2-beta-almost-rc1/, https://antimatter15.com/2008/08/ajax-animator-0-2-beta-almost-rc1/
http://antimatter15.com/wp/2008/08/almost-there/, https://antimatter15.com/2008/08/almost-there/
http://antimatter15.com/wp/2008/07/new-ie-not-supported-error/, https://antimatter15.com/2008/07/new-ie-not-supported-error/
http://antimatter15.com/wp/2008/07/ie-somewhat-works/, https://antimatter15.com/2008/07/ie-somewhat-works/
http://antimatter15.com/wp/2008/07/bug-fixes/, https://antimatter15.com/2008/07/bug-fixes/
http://antimatter15.com/wp/2008/07/tip-of-the-day/, https://antimatter15.com/2008/07/tip-of-the-day/
http://antimatter15.com/wp/2008/07/build-400/, https://antimatter15.com/2008/07/build-400/
http://antimatter15.com/wp/2008/07/small-stuff-again/, https://antimatter15.com/2008/07/small-stuff-again/
http://antimatter15.com/wp/2008/07/busy/, https://antimatter15.com/2008/07/busy/
http://antimatter15.com/wp/2008/07/minor-updates/, https://antimatter15.com/2008/07/minor-updates/
http://antimatter15.com/wp/2008/07/color-tweening/, https://antimatter15.com/2008/07/color-tweening/
http://antimatter15.com/wp/2008/07/flash-export/, https://antimatter15.com/2008/07/flash-export/
http://antimatter15.com/wp/2008/07/export-to-animated-gif/, https://antimatter15.com/2008/07/export-to-animated-gif/
http://antimatter15.com/wp/2008/07/export-to-silverlight/, https://antimatter15.com/2008/07/export-to-silverlight/
http://antimatter15.com/wp/2008/07/exporting-to-processing/, https://antimatter15.com/2008/07/exporting-to-processing/
http://antimatter15.com/wp/2008/07/standalone-animation-player/, https://antimatter15.com/2008/07/standalone-animation-player/
http://antimatter15.com/wp/2008/07/improved-tweening-engine-stability/, https://antimatter15.com/2008/07/improved-tweening-engine-stability/
http://antimatter15.com/wp/2008/06/switching-editors/, https://antimatter15.com/2008/06/switching-editors/
http://antimatter15.com/wp/2008/06/resize-grid-improved-select-delete-selection-clear-all/, https://antimatter15.com/2008/06/resize-grid-improved-select-delete-selection-clear-all/
http://antimatter15.com/wp/2008/06/new-loading-screen-html-strict-doctype/, https://antimatter15.com/2008/06/new-loading-screen-html-strict-doctype/
http://antimatter15.com/wp/2008/06/status-fixing-the-compiler-problem/, https://antimatter15.com/2008/06/status-fixing-the-compiler-problem/
http://antimatter15.com/wp/2008/05/sourceforge/, https://antimatter15.com/2008/05/sourceforge/
http://antimatter15.com/wp/2008/05/build-99/, https://antimatter15.com/2008/05/build-99/
http://antimatter15.com/wp/2008/05/today-s-updates/, https://antimatter15.com/2008/05/today-s-updates/
http://antimatter15.com/wp/2008/05/today-s-updates-iii/, https://antimatter15.com/2008/05/today-s-updates-iii/
http://antimatter15.com/wp/2008/05/today-s-updates-ii/, https://antimatter15.com/2008/05/today-s-updates-ii/
http://antimatter15.com/wp/2008/05/starting-over/, https://antimatter15.com/2008/05/starting-over/
http://antimatter15.com/wp/2008/05/hello-world/, https://antimatter15.com/2008/05/hello-world/
http://antimatter15.com/wp/2008/05/updates-today/, https://antimatter15.com/2008/05/updates-today/
http://antimatter15.com/wp/2008/05/small-updates/, https://antimatter15.com/2008/05/small-updates/
http://antimatter15.com/wp/2008/05/experimental-comet-mmorpg/, https://antimatter15.com/2008/05/experimental-comet-mmorpg/
http://antimatter15.com/wp/2008/04/today-s-tiny-updates/, https://antimatter15.com/2008/04/today-s-tiny-updates/
http://antimatter15.com/wp/2008/01/desktop-flash-ide-forkswif-released/, https://antimatter15.com/2008/01/desktop-flash-ide-forkswif-released/
http://antimatter15.com/wp/2007/12/new-features-coming-in-ajax-animator-0-15-aka-1-5-read-to-find-out-why/, https://antimatter15.com/2007/12/new-features-coming-in-ajax-animator-0-15-aka-1-5-read-to-find-out-why/
http://antimatter15.com/wp/2007/11/note-to-self/, https://antimatter15.com/2007/11/note-to-self/
http://antimatter15.com/wp/2007/11/format-of-new-ajax-animator-interactive-tutorials/, https://antimatter15.com/2007/11/format-of-new-ajax-animator-interactive-tutorials/
http://antimatter15.com/wp/2007/11/new-file-format/, https://antimatter15.com/2007/11/new-file-format/
http://antimatter15.com/wp/2007/11/to-self-fixed-timeline2-js/, https://antimatter15.com/2007/11/to-self-fixed-timeline2-js/
http://antimatter15.com/wp/2007/10/progress-report/, https://antimatter15.com/2007/10/progress-report/
http://antimatter15.com/wp/2007/10/md5-sha1-pure-javascript-hash-cracking/, https://antimatter15.com/2007/10/md5-sha1-pure-javascript-hash-cracking/
http://antimatter15.com/wp/2007/09/some-progress/, https://antimatter15.com/2007/09/some-progress/
http://antimatter15.com/wp/2007/09/new-features/, https://antimatter15.com/2007/09/new-features/
http://antimatter15.com/wp/2007/08/more-information/, https://antimatter15.com/2007/08/more-information/
http://antimatter15.com/wp/2007/05/new-alpha/, https://antimatter15.com/2007/05/new-alpha/
http://antimatter15.com/wp/2007/05/ajax-animator/, https://antimatter15.com/2007/05/ajax-animator/